﻿<parameters>
  <parameter name="IIS Web Application Name" defaultValue="MaxithermalLoraWan" tags="IisApp">
    <parameterEntry kind="ProviderPath" scope="IisApp" match="^F:\\Project\\MarathonLoRaWAN\\MaxithermalWebApplication\\obj\\Release\\Package\\PackageTmp$" />
    <parameterEntry kind="ProviderPath" scope="setAcl" match="^F:\\Project\\MarathonLoRaWAN\\MaxithermalWebApplication\\obj\\Release\\Package\\PackageTmp$" />
  </parameter>
  <parameter name="Pexo63LorawanConnectionString-Web.config Connection String" description="Pexo63LorawanConnectionString Connection String used in web.config by the application to access the database." defaultValue="Data Source=.\SQLEXPRESS;Initial Catalog=Pexo63Lorawan;User ID=nbiot;Password=12346789;MultipleActiveResultSets=True;Application Name=EntityFramework" tags="SqlConnectionString">
    <parameterEntry kind="XmlFile" scope="F:\\Project\\MarathonLoRaWAN\\MaxithermalWebApplication\\obj\\Release\\Package\\PackageTmp\\Web\.config$" match="/configuration/connectionStrings/add[@name='Pexo63LorawanConnectionString']/@connectionString" />
  </parameter>
  <parameter name="Pexo63LorawanEntities-Web.config Connection String" description="Pexo63LorawanEntities Connection String used in web.config by the application to access the database." defaultValue="metadata=res://*/Models.LoraDB.csdl|res://*/Models.LoraDB.ssdl|res://*/Models.LoraDB.msl;provider=System.Data.SqlClient;provider connection string=&quot;data source=DGS_SERVER\SQLEXPRESS;initial catalog=Pexo63Lorawan;user id=nbiot;password=12346789;multipleactiveresultsets=True;application name=EntityFramework&quot;" tags="SqlConnectionString">
    <parameterEntry kind="XmlFile" scope="F:\\Project\\MarathonLoRaWAN\\MaxithermalWebApplication\\obj\\Release\\Package\\PackageTmp\\Web\.config$" match="/configuration/connectionStrings/add[@name='Pexo63LorawanEntities']/@connectionString" />
  </parameter>
  <parameter name="Pexo63LorawanEntities1-Web.config Connection String" description="Pexo63LorawanEntities1 Connection String used in web.config by the application to access the database." defaultValue="metadata=res://*/Models.LoraDB.csdl|res://*/Models.LoraDB.ssdl|res://*/Models.LoraDB.msl;provider=System.Data.SqlClient;provider connection string=&quot;data source=.\SQLEXPRESS;initial catalog=Pexo63Lorawan;user id=nbiot;password=12346789;multipleactiveresultsets=True;application name=EntityFramework&quot;" tags="SqlConnectionString">
    <parameterEntry kind="XmlFile" scope="F:\\Project\\MarathonLoRaWAN\\MaxithermalWebApplication\\obj\\Release\\Package\\PackageTmp\\Web\.config$" match="/configuration/connectionStrings/add[@name='Pexo63LorawanEntities1']/@connectionString" />
  </parameter>
</parameters>